{
  "project_info": {
    "project_number": "1056261695703",
    "project_id": "p489-shrestho",
    "storage_bucket": "p489-shrestho.appspot.com"
  },
  "client": [
    {
      "client_info": {
        "mobilesdk_app_id": "1:1056261695703:android:21ca426faf46732314a892",
        "android_client_info": {
          "package_name": "me.shrestho.tictactoe"
        }
      },
      "oauth_client": [
        {
          "client_id": "1056261695703-r76m3v0uptqov6l3su6vu2cori92en5p.apps.googleusercontent.com",
          "client_type": 1,
          "android_info": {
            "package_name": "me.shrestho.tictactoe",
            "certificate_hash": "aadbe0124970b28d9fe7d4a71139b56cca10dc83"
          }
        },
        {
          "client_id": "1056261695703-5r0uuv5pen09nbr3nkcc0vucd7iamgok.apps.googleusercontent.com",
          "client_type": 3
        }
      ],
      "api_key": [
        {
          "current_key": "AIzaSyCVJAuudF7rDEaoHGW2vfKabsxn-RxFkko"
        }
      ],
      "services": {
        "appinvite_service": {
          "other_platform_oauth_client": [
            {
              "client_id": "1056261695703-5r0uuv5pen09nbr3nkcc0vucd7iamgok.apps.googleusercontent.com",
              "client_type": 3
            }
          ]
        }
      }
    },
    {
      "client_info": {
        "mobilesdk_app_id": "1:1056261695703:android:4dcdc8716e2ef6a814a892",
        "android_client_info": {
          "package_name": "me.shrestho.tictactoe"
        }
      },
      "oauth_client": [
        {
          "client_id": "1056261695703-5r0uuv5pen09nbr3nkcc0vucd7iamgok.apps.googleusercontent.com",
          "client_type": 3
        }
      ],
      "api_key": [
        {
          "current_key": "AIzaSyCVJAuudF7rDEaoHGW2vfKabsxn-RxFkko"
        }
      ],
      "services": {
        "appinvite_service": {
          "other_platform_oauth_client": [
            {
              "client_id": "1056261695703-5r0uuv5pen09nbr3nkcc0vucd7iamgok.apps.googleusercontent.com",
              "client_type": 3
            }
          ]
        }
      }
    }
  ],
  "configuration_version": "1"
}